{"Topics": [2, 3, 4, 5, 6, 7, 8, 9, 10, 11, 12, 13, 14, 15, 16, 17, 18, 19, 20, 21, 22, 23, 24, 25, 26, 27, 28, 29, 30, 31, 32, 33, 34, 35, 36, 37, 38, 39, 40], "Coherence": [0.370099772557133, 0.3992257810614593, 0.40797331248532803, 0.34648524306263184, 0.4063811156438659, 0.3905246266845904, 0.37698270232725506, 0.35635658830890393, 0.3632455245281698, 0.30636653137603037, 0.3104560529480942, 0.3334707555487704, 0.3565798593373176, 0.31403182154898773, 0.3231280149687782, 0.3587033377433227, 0.3393843456767639, 0.3303334403937521, 0.3372464613543156, 0.3344095316349947, 0.3482216263938873, 0.33807769689604666, 0.36731224220696745, 0.33738425106150827, 0.33118669135643947, 0.3266688236467197, 0.35252912177417783, 0.36203382847000626, 0.3220551696743397, 0.32304881948265957, 0.3442994372409321, 0.30217661578794175, 0.304868210089568, 0.33125506536161775, 0.30693301369511256, 0.3350106560384011, 0.34250356608676374, 0.3240125887913036, 0.3170610815999816], "Topic Coherence": [[0.3710252913561744, 0.36917425375809165], [0.49039143517653583, 0.33519243330119647, 0.37209347470664544], [0.5679236921185327, 0.33941255118981706, 0.36298569051395335, 0.36157131611900906], [0.4062249140850237, 0.35034017815902857, 0.37495587520585644, 0.32580830912686504, 0.27509693873638535], [0.5654171471232435, 0.35769976591788144, 0.36569981501102883, 0.334883980353916, 0.48255830417611617, 0.33202768128100946], [0.34692274495077846, 0.33397827299462535, 0.36724409532265434, 0.3770703261456406, 0.5854501482867087, 0.295327831964726, 0.42767896712699927], [0.2245711908962742, 0.32803612818090633, 0.37714125769979856, 0.348353469964345, 0.575071420452419, 0.299471345195476, 0.517526624216957, 0.3456901820118641], [0.2347886509484066, 0.33734820214566014, 0.32411474930262485, 0.28109971249890103, 0.6025111334542972, 0.20647123951542307, 0.5420493737291113, 0.365602473597023, 0.31322375958868764], [0.386320209016036, 0.322113017038267, 0.3828911912456946, 0.31934860241662305, 0.5368132774177009, 0.30538885431177154, 0.4992802822875467, 0.3349212674554851, 0.22943558748323972, 0.31594295660933325], [0.31369418029000073, 0.191090927295876, 0.35788334975033986, 0.2760502068423321, 0.43683349204064664, 0.19697389089237363, 0.5191322304868702, 0.28247839461248947, 0.26354618191178847, 0.17591334483829918, 0.3564356461753174], [0.2466642535282511, 0.2630003364093841, 0.296555415685674, 0.30591012874380424, 0.5357209173897052, 0.2737628897790526, 0.46988514560661254, 0.38676868977746687, 0.15829816435130759, 0.2606349613033817, 0.37400249241375016, 0.1542692403887403], [0.3935016254656793, 0.2589869342826552, 0.23185541490206418, 0.2965826839139514, 0.8953503414682258, 0.2402557241239756, 0.47735425548050747, 0.23787057095860836, 0.1566078173320454, 0.2096557720992552, 0.35652763879921157, 0.20339957434877115, 0.3771714689590646], [0.44033207368420263, 0.24850236117573526, 0.3501289377596658, 0.2776933474015647, 0.47342174151922317, 0.18690243328290804, 0.5544331009236598, 0.24587722882819682, 0.3602150441012464, 0.3924065024047144, 0.3659878537865766, 0.2053478117562057, 0.2807696469576999, 0.6100999471408468], [0.3378320215644229, 0.23626228492918164, 0.35287371482474345, 0.24346142225127987, 0.3565474118338343, 0.2088743054597598, 0.4571517865727704, 0.16907489109729665, 0.3101956881757896, 0.1658069514334431, 0.36282678844918426, 0.3353653207216458, 0.2760447337282982, 0.49326535107010566, 0.4048946511230608], [0.5470713120816763, 0.34827246705531933, 0.3078121873608003, 0.29769960403812007, 0.4478231634834202, 0.21607283641126554, 0.18638420032677358, 0.1319913709358457, 0.2884748716724269, 0.4311429463443731, 0.3640385548152717, 0.338747622230805, 0.20603114485639124, 0.46678824484787923, 0.41830196681463444, 0.17339574622544898], [0.40207147955185957, 0.2644052450811639, 0.271771684591138, 0.3113544507292327, 0.42425691510739166, 0.335181580486761, 0.4731249799781224, 0.32623332289548723, 0.35054545781501145, 0.5189779594452669, 0.36449284708733093, 0.38799500359322775, 0.24430638735332183, 0.4066093695659867, 0.32194807148051424, 0.22729418764072254, 0.4673877992339472], [0.22154516621219617, 0.26772474159812243, 0.2124447779434384, 0.5536660699991763, 0.3123858070030549, 0.3029369031038433, 0.37557197568766093, 0.29065522751408684, 0.20149599539945381, 0.4160242472897715, 0.3722845786440338, 0.21239294355599997, 0.21509465511750053, 0.6961186488944573, 0.21618608484562304, 0.27444210149343756, 0.39580564917215505, 0.5721426487077383], [0.46378603500948773, 0.2845894721580636, 0.334246738249945, 0.25775053177434276, 0.31634719632490627, 0.2082642042048219, 0.42323775822304366, 0.339856742511991, 0.23823945011162592, 0.2743898352995196, 0.3657377095896598, 0.3879814537355504, 0.4299341585255895, 0.4316280826110227, 0.22734792698276318, 0.18144535340840268, 0.23873724044256686, 0.4497563995977242, 0.4230590787202635], [0.23503216924967446, 0.263629698272839, 0.2005592448577554, 0.4112097514469061, 0.3660609322726561, 0.2263062304894798, 0.33748452715077176, 0.25035227527360127, 0.2498631418058507, 0.5090109916609213, 0.3612577752607629, 0.471508515991869, 0.32080894094851853, 0.3182665016558695, 0.3787878064510273, 0.23079833748022155, 0.48595011639682306, 0.13912268344404294, 0.4871788323501883, 0.5017407546265333], [0.367441958376712, 0.2732743483622728, 0.18559227502229278, 0.42445065939344717, 0.35710690983947146, 0.2526917069673508, 0.38233927479340835, 0.31279622137717894, 0.21776528000435733, 0.4397795580909293, 0.38279662223288613, 0.3076619733430052, 0.3197139518177575, 0.29722775049953243, 0.44949048623868065, 0.1665902889979324, 0.3280150513007767, 0.36748670372545555, 0.5104986567142278, 0.41947908139745876, 0.26040140583975435], [0.47999615186787015, 0.26781748204598277, 0.32310067504054624, 0.30883505635759795, 0.4735703858538963, 0.15096718813659948, 0.39425641623198404, 0.23187903990030562, 0.21908274731301652, 0.20479155771518703, 0.371431749929288, 0.3869056440058846, 0.27389739277933517, 0.4680151448349874, 0.5108694278597365, 0.39593028708682143, 0.3313485012904681, 0.3741563945134274, 0.36270040179082297, 0.3939002759044413, 0.3788954883024226, 0.3585283719048996], [0.39335060631310154, 0.2241857978469365, 0.25321568151985296, 0.4114593240398519, 0.32067677340797474, 0.18676699766957253, 0.4033020861486228, 0.21019595378884617, 0.32101674547688275, 0.38214256922002193, 0.36278674886450735, 0.3947561087098182, 0.22258064501106709, 0.3518769924608559, 0.31650432186025046, 0.46894858565096903, 0.4668945644946896, 0.429283590368433, 0.2410696285795865, 0.4501853698606486, 0.29408509586495896, 0.35234112779014837, 0.31816171366147783], [0.354437528202186, 0.3522367228219213, 0.3374968873092644, 0.2623505398767272, 0.6166404164540339, 0.17959382019163442, 0.5219237539893576, 0.2686381066405138, 0.4433559169133625, 0.3982356653662431, 0.36424284705740956, 0.5120730137379934, 0.26878436606163847, 0.5058323884807097, 0.339388612702599, 0.20046370274297573, 0.4427673925650839, 0.43621800179333237, 0.4949955717325101, 0.23074958479098395, 0.20945563096558723, 0.3648249447027576, 0.233189328596667, 0.4775990692717268], [0.4303957878208336, 0.24625642738369397, 0.3604970328657394, 0.24529298315563763, 0.37027977409846036, 0.21150006623382084, 0.3630383257597801, 0.2775041445063156, 0.17661712096010715, 0.20303821119513774, 0.34893490455771625, 0.3495550074809223, 0.3720584138195304, 0.36618305121552125, 0.3184234132664231, 0.26247924483345686, 0.30501298996714743, 0.4055006146707142, 0.21743455712597473, 0.2692998395667356, 0.2531302887102275, 0.38169841282283246, 0.573692176186215, 0.5897019824303373, 0.5370815059044265], [0.3598407160947945, 0.23921817142521334, 0.20154506586389348, 0.37630486102892413, 0.35362293834545516, 0.19891288619906092, 0.4514861729603387, 0.21748658042906688, 0.14434865880618725, 0.386247238297376, 0.36125777526076286, 0.3537154919137966, 0.21828771761103644, 0.31656771601870315, 0.28219763507843537, 0.23991813346035834, 