{"Topics": [2, 3, 4, 5, 6, 7, 8, 9, 10, 11, 12, 13, 14, 15, 16, 17, 18, 19, 20, 21, 22, 23, 24, 25, 26, 27, 28, 29, 30, 31, 32, 33, 34, 35, 36, 37, 38, 39, 40], "Coherence": [0.4526722993263453, 0.4049029438017259, 0.4020446647137065, 0.39522835144022894, 0.34853403904526964, 0.38505662588371287, 0.40844031075360127, 0.36528128153159306, 0.3832613174142193, 0.36513649499014983, 0.3614047917231498, 0.34175186254792533, 0.3671816071182928, 0.3610735662813603, 0.3477102305983379, 0.33420925157913856, 0.3519422651406357, 0.36031782194286555, 0.3317326052395978, 0.33453936804790263, 0.3235937071147725, 0.3139741853436154, 0.3640518873774102, 0.3265287370119773, 0.33373011259497687, 0.33467826038353443, 0.3316870384144947, 0.3366910617238342, 0.367294302091815, 0.3494197793782803, 0.345230897358412, 0.33302706028000595, 0.3312780689999864, 0.3279403162930428, 0.3404317854196346, 0.3415160745598625, 0.35181402544097423, 0.3363990072359161, 0.3329327342158527], "Topic Coherence": [[0.3737492383424138, 0.5315953603102768], [0.35891456455347653, 0.46929439947338897, 0.38649986737831216], [0.4022287762791403, 0.47968653822664375, 0.3662897482109185, 0.35997359613812346], [0.44443716944838896, 0.370722962027002, 0.3564033582388459, 0.35639996617430914, 0.44817830131259867], [0.2307464516154328, 0.3133089715389032, 0.3156474295926883, 0.3592487530543116, 0.4202028380958911, 0.45204979037439086], [0.291349157430992, 0.26252774096412657, 0.36461148637812585, 0.3574866082106367, 0.41692374266142707, 0.7757297626076839, 0.22676788293299793], [0.397843182588992, 0.3262673070424194, 0.34151671651282134, 0.3559832084155158, 0.3914078395648173, 0.7091987428867873, 0.2955220916170066, 0.44978339740045037], [0.4005128968369086, 0.3848721820256954, 0.3368831541721962, 0.3338709654314916, 0.4195219196838014, 0.3390739465982483, 0.2849334011841437, 0.44528524952685783, 0.34257781832499445], [0.34507436581271533, 0.3319185409014912, 0.359550614910545, 0.35191830224901294, 0.4116757948685847, 0.5547758814109894, 0.4259405319902051, 0.34720975463067527, 0.3749068980379646, 0.32964248933000906], [0.3895863665177034, 0.3472488674984171, 0.34426539301462883, 0.3393103325626443, 0.3897861857714663, 0.3752500121144106, 0.23537948593376293, 0.5141731875384526, 0.268952863575215, 0.35724770585062215, 0.45530104451432474], [0.4271056027862167, 0.3309937686359855, 0.32876424805211407, 0.3572552180243162, 0.3289915569218306, 0.5356536645206058, 0.25511775691091954, 0.39779384391589384, 0.22860933209402773, 0.37375859164050373, 0.41310348503611677, 0.3597104321392671], [0.3674764947458416, 0.35510393752344543, 0.3946221643076144, 0.28511753257308886, 0.40747006440413874, 0.4598089709187182, 0.36400809098456743, 0.2229004874053849, 0.30595276050385795, 0.27913111785926553, 0.2885075838769672, 0.342028526593524, 0.37064648142661516], [0.21520515637896995, 0.32789619237368933, 0.3091790708035661, 0.35579343315689926, 0.39030894635046187, 0.4130165647931016, 0.30748761204805686, 0.8947563606191435, 0.2934047190485109, 0.2327008811875814, 0.524426126722703, 0.27782993659495864, 0.31495568056839557, 0.28358181901006013], [0.37863624194497547, 0.39798851912440936, 0.3662501202525764, 0.4244598336260809, 0.4465980452015823, 0.3131993912671634, 0.2719928867754857, 0.39746082269969685, 0.3221650216063522, 0.3790312501409447, 0.30677144634759934, 0.3033490734385868, 0.3291513964831666, 0.45424151016978953, 0.32480793514199363], [0.3637577086522008, 0.30919062845550804, 0.22114606258939434, 0.4242041231462603, 0.3823822650779999, 0.37946143666109455, 0.3512316922066209, 0.48012473117486554, 0.3294844191160896, 0.3710603640981499, 0.3981947359961668, 0.25610548919178233, 0.3481752954304446, 0.40446562899103267, 0.2980290605433806, 0.24635004824241524], [0.19802736287475198, 0.2531311351794365, 0.330436466872647, 0.2392684900468378, 0.42929851726056134, 0.37007729429368086, 0.37860886752863815, 0.7462506992078091, 0.2982317164439733, 0.23711053420241374, 0.34992109733616866, 0.2991430575460936, 0.30222070237587273, 0.3297694719104348, 0.34070244445079567, 0.20419657695558077, 0.3751628423596594], [0.40025697420764983, 0.21925155421894238, 0.22947954263746478, 0.35423471490157843, 0.18006597506391428, 0.35221201807100877, 0.3808520777769354, 0.8715230829018898, 0.2620407685045105, 0.38125378664492027, 0.3045801475361711, 0.19955383011983513, 0.408970891727202, 0.3025124206746293, 0.29289885606697996, 0.4895729245683714, 0.37532891146484476, 0.3303722954445946], [0.2727033404698692, 0.344767197823516, 0.236992673515586, 0.3471238654803764, 0.4693728612608049, 0.3045598741486419, 0.24160971679763582, 0.43651744424621314, 0.28492976322188607, 0.39009434908559865, 0.42509708298072785, 0.48784836011021326, 0.313226620621727, 0.3519163362987697, 0.29629112520608236, 0.35859688572181847, 0.38493928182189874, 0.34348424725026855, 0.5559675908528119], [0.3489314353794019, 0.27092086127871556, 0.2128840759140324, 0.35646862261589224, 0.380599926401609, 0.2580431406439964, 0.2733670238875455, 0.3450867887083286, 0.3267879312666381, 0.3970808805077211, 0.3260020084156602, 0.3905882617733153, 0.3256236204046889, 0.35785233780805836, 0.2615890236887195, 0.22131818507409276, 0.39564016825319553, 0.3836577944255434, 0.45487431998932, 0.34733569835548234], [0.3413588094388483, 0.37327555231502296, 0.27241785703180127, 0.32303966750970275, 0.24851625479314468, 0.24304698672907527, 0.44100312438928124, 0.4634952871278967, 0.2610576571805189, 0.31544759025188396, 0.3375834861185769, 0.34849064466337526, 0.35881432709095357, 0.35583975654871075, 0.2801250352693329, 0.24821939823324257, 0.3859227280307484, 0.25214129754290693, 0.44212181942897466, 0.3522517819018958, 0.38115766741006174], [0.3790328522067255, 0.23949357913418784, 0.30655648345913394, 0.35964552896084573, 0.4397422717541926, 0.38391142964625735, 0.36243271694910517, 0.3851167269077306, 0.2172986738886502, 0.3441462365541908, 0.30404389972145246, 0.20338238105360137, 0.3507032716956556, 0.35778944016563663, 0.2741774886082764, 0.18936520181217414, 0.41808558952794767, 0.2934277664541384, 0.39783817295798013, 0.3588022748917895, 0.27743762055508386, 0.2766319496202381], [0.2350898656989376, 0.33293246342948, 0.3322334246946133, 0.20206207793439662, 0.3014835178372093, 0.32667079640946095, 0.3486293848241907, 0.36436224792403804, 0.24850328032210173, 0.2937512593585493, 0.31549063730673804, 0.269524287637483, 0.2941616313522565, 0.24141267745150813, 0.2925469321633757, 0.2807197627269347, 0.3998449440911812, 0.3035103517851466, 0.3316097631321565, 0.3549980375859535, 0.5854325454112093, 0.2857842110682708, 0.2806521627579619], [0.43756153359419236, 0.3392702853753707, 0.3695080947826721, 0.2217743950067031, 0.2765624901321754, 0.1724823958821973, 0.3305401714631848, 0.4848420762564457, 0.294958613061557, 0.21800634301853522, 0.33415408934049406, 0.3432166125385299, 0.3873560499270208, 0.40728713082261736, 0.32314002138067544, 0.31243969318054526, 0.44046782818252395, 0.3508697179679389, 0.4515353957484908, 0.35606756665112177, 0.5288868648030628, 0.33350464837669036, 0.30120230323679664, 0.7216109763283033], [0.3341185175255427, 0.2927112164520536, 0.32542741725594443, 0.32525086522938274, 0.24812488170703043, 0.35835403792797893, 0.38362125465306945, 0.1954870850266846, 0.3153150393095625, 0.32959617764376004, 0.33397507677924115, 0.3280888131821653, 0.37424473856267093, 0.30683479135578795, 0.24453670651975706, 0.32143177808208867, 0.3851470975180692, 0.3286571123954879, 0.45588537323949874, 0.34821790901396155, 0.31535162126927574, 0.29926542405758016, 0.3828490795404046, 0.3818753808900059, 0.24885103016242976], [0.3705245892756345, 0.24201437114794794, 0.26346521570471404, 0.33268643952324906, 0.3899977195063965, 0.23123538693488127, 0.40100463177520906, 0.20867161985381816, 0.2598841592186274, 0.32504035697714617, 0.2833290598395942, 0.17214089187348075, 0.32713206981999676, 0.605674070740019, 0.3353018503254747, 0.26507117908407724, 0.34429445464828723, 