{"Topics": [2, 3, 4, 5, 6, 7, 8, 9, 10, 11, 12, 13, 14, 15, 16, 17, 18, 19, 20, 21, 22, 23, 24, 25, 26, 27, 28, 29, 30, 31, 32, 33, 34, 35, 36, 37, 38, 39, 40], "Coherence": [0.37098718929148944, 0.4252433936130539, 0.3867565313439944, 0.35280480082823806, 0.3729157111471432, 0.4087430247096028, 0.3873611211015238, 0.4067121302796694, 0.3650665322234376, 0.4200531971463724, 0.3564609398687735, 0.3239272652728088, 0.3307549329473915, 0.3964757068303168, 0.36668425289227674, 0.3577217539578528, 0.3560546437169672, 0.3706805937715614, 0.3852329578246777, 0.36486734586333797, 0.3877851109118248, 0.3815927212572, 0.35567924104552584, 0.3796701048995979, 0.3696224280335496, 0.34625517382834353, 0.3348969812742122, 0.37529448013137345, 0.3414911138517718, 0.35977505671687793, 0.3358180117673288, 0.3743239091746751, 0.34122519179229777, 0.3214994854414436, 0.3331537899893829, 0.3291161640005179, 0.3328199878657963, 0.32865887255803966, 0.3453310915253485], "Topic Coherence": [[0.37617373286740174, 0.36580064571557713], [0.4012182402831364, 0.3678142832703307, 0.5066976572856945], [0.34618943397914975, 0.38503359656056396, 0.42001262673599127, 0.3957904681002726], [0.3401931674158295, 0.2811537631299822, 0.3771745569487193, 0.35795218997366274, 0.40755032667299657], [0.3341875168092553, 0.4273478964719163, 0.43430095121697654, 0.2659668334101972, 0.40057295262331366, 0.3751181163512003], [0.3402852960933714, 0.45545678745301565, 0.4293185514980455, 0.43915103443576964, 0.4555970497918026, 0.341261291009938, 0.40013116268527626], [0.3361030274240072, 0.363675826507138, 0.5572429659706637, 0.35050116855018587, 0.3910335414498754, 0.3013961973479003, 0.41437704172590895, 0.38455919983651127], [0.3419055507038969, 0.4041722601743878, 0.5407388147965587, 0.31689834423451857, 0.4070167956791031, 0.27136640192700534, 0.3945575877518273, 0.4711731976814546, 0.5125802195682728], [0.3422367466682226, 0.49715573410014385, 0.44135902945151395, 0.32749138937530053, 0.40146610300937924, 0.20926362328096665, 0.40866641960967554, 0.2545399873042307, 0.4017848637849605, 0.3667014256499821], [0.3465571571273025, 0.6134411170922827, 0.5086992507626628, 0.3053333517482837, 0.4179755195297973, 0.3791241935336698, 0.3881454225440676, 0.45392835782854846, 0.3991361424960916, 0.3898074074750658, 0.4184372484723247], [0.33837857445888947, 0.5758437797834993, 0.42710491388796834, 0.4467540740187171, 0.4528522656165541, 0.2193336009588685, 0.40869837703331735, 0.26183564565575773, 0.2254840705857406, 0.3627707094671573, 0.21785977287537678, 0.3406154940834355], [0.3637641463209589, 0.24295468012550817, 0.27217466660683876, 0.23575921645764839, 0.4289146791658056, 0.18778658966201872, 0.39976536439596316, 0.22028939930339703, 0.31961697080833484, 0.28755436286478975, 0.4019231549064709, 0.49677866671425885, 0.35377255121452145], [0.3450221259960441, 0.19577497934075513, 0.27089510836762576, 0.4151898121079289, 0.323566560188473, 0.32101282057028985, 0.42471097930697443, 0.27951105064249004, 0.2797324545818679, 0.28782863725083496, 0.29581339375134985, 0.4959815419968119, 0.34962239681102175, 0.34590720035101385], [0.3574124933967789, 0.548675154756012, 0.8910535959023183, 0.2724361905451706, 0.2080323402204632, 0.42169085024930525, 0.4088519378612937, 0.20245205961581864, 0.3547438940269342, 0.3201724484659006, 0.2878793323825555, 0.5203126684599425, 0.4015808631723144, 0.28816362002090995, 0.46367815337903434], [0.347123357161219, 0.5182798997595234, 0.6915609142367917, 0.346751885984553, 0.3512598629483751, 0.2593694533555952, 0.4011080474211566, 0.2896574165235669, 0.2758889462656188, 0.3101838068560454, 0.2582200984785129, 0.4326264734099987, 0.30642927975283873, 0.32482051222932284, 0.2580100321080793, 0.49565805978523014], [0.3479963444174804, 0.26708756330720346, 0.3060371817692017, 0.36330246474942895, 0.469074891003448, 0.321357878941474, 0.3513022517154155, 0.16821570178510836, 0.3080680021389787, 0.2625811731672111, 0.27578264087123083, 0.5376455615473957, 0.2679187474011783, 0.6429287042551515, 0.2857908202888051, 0.5689784691973075, 0.33720142072747905], [0.3877260048520471, 0.5565106942655768, 0.32556480697204526, 0.3568892294742041, 0.4232548293565264, 0.31031876196900543, 0.39958129776399676, 0.1922822243146714, 0.25304811504956876, 0.30400179632873536, 0.24243477022132937, 0.4118703997396551, 0.31505957974108534, 0.314267628432779, 0.3726881341103985, 0.532189803928439, 0.3715943054785809, 0.3397012049067652], [0.3530770383868237, 0.3016601985338395, 0.24124012367047376, 0.31495011661674555, 0.32847167679514416, 0.2661088880992122, 0.37693507889776606, 0.3894612646210908, 0.3716746933253684, 0.46352854100156043, 0.4444698634847228, 0.36383767722589866, 0.31627101389833207, 0.5586067157140049, 0.21582521950607073, 0.6854972004002663, 0.3571012865014668, 0.36224571245609083, 0.33196897252478746], [0.3550449766659939, 0.24295468012550817, 0.8054869181898086, 0.3955297442431878, 0.40081056183030805, 0.23537435884762076, 0.356620940030887, 0.22415274109364142, 0.36366730709411355, 0.4400077386659963, 0.4116716195389049, 0.4582565291879711, 0.427323486717574, 0.4725692162969451, 0.3589471444179425, 0.5962247229964681, 0.40020930770743385, 0.2374606907445002, 0.19135836233934, 0.33098810975940746], [0.3408755722955198, 0.27508219154805147, 0.693308226119363, 0.4557393263700932, 0.42771244059637725, 0.27400631149380505, 0.35087070843428053, 0.2789815828933732, 0.312109015785464, 0.2989468831824468, 0.43751586448278035, 0.5234208334816546, 0.42494632952830547, 0.2845026318109257, 0.23138911455578554, 0.5064383639992107, 0.2899262354701079, 0.3422707492417999, 0.21403588453346964, 0.3974500449191386, 0.302685952388145], [0.31659635331086244, 0.24295468012550817, 0.7661019118775313, 0.30855948476743905, 0.19847071835076843, 0.38785792334942254, 0.3569886601141052, 0.34152730672582754, 0.36226094118265467, 0.25522078612765886, 0.5716262190199286, 0.560488327750441, 0.38052466951704983, 0.33509551759962897, 0.257503772352237, 0.48020694862949326, 0.5236284070253493, 0.2667550131827766, 0.4410548198456815, 0.45449710078823724, 0.3747992188337557, 0.348553659583789], [0.4288600389171767, 0.45278861636594436, 0.8954227102269048, 0.44118138809658963, 0.4504366331968459, 0.3664705422889582, 0.3724753932694113, 0.2068781491415051, 0.3205721677719152, 0.2556290265907596, 0.30503751094768494, 0.27185715683059, 0.4939118574388628, 0.700551378768183, 0.33691508515627744, 0.22321377506728882, 0.24675754111824472, 0.3867127617356195, 0.3655996390881683, 0.3415742416554663, 0.20180595979345206, 0.3672713777449842, 0.3447096377047666], [0.1504147823931638, 0.31631840079591644, 0.5707546784181804, 0.3662175461501548, 0.3069814483862777, 0.4177091213567666, 0.3701220305391365, 0.29024455344198674, 0.3352330135041766, 0.3447014205786981, 0.2410173801355186, 0.514166055404463, 0.340709150729294, 0.8902950934145093, 0.24655490851371936, 0.4184695462468711, 0.4088697989843785, 0.43037326153499206, 0.2318425224527411, 0.21839242257823624, 0.22818505494792757, 0.3502136146962817, 0.213541956374338, 0.33497402351489153], [0.21104747901462742, 0.5106024165734597, 0.862729874135962, 0.32374379070187953, 0.3725506785661107, 0.34229937877193867, 0.4150989679933689, 0.281140059660836, 0.424904336524372, 0.2561925029796084, 0.43132057636094256, 0.5311277178369143, 0.31526365978542187, 0.3047848210656764, 0.24047081235213072, 0.6331057391608607, 0.4073957546384589, 0.23477131746750474, 0.3566335250750179, 0.4198781236855417, 0.2461207348722299, 0.3596083696480238, 0.36316741770004735, 0.3959044319977255, 0.2518901359212883], [0.4586842009594041, 0.2715995113233215, 0.8696318182490635, 0.510775606790009, 0.30347168742603026, 0.4619063982170628, 0.41091709654882846, 0.3945429526754046, 0.20151709001187962, 0.24904158130349585, 0.4851088371353797, 0.5122281710765388, 0.28334130461921114, 0.28872576184777654, 0.1888168372040489, 0.5037482295456707, 0.2332045603751121, 0.3097423473347929, 0.436867743100006, 